,Hashtags,Frequency
1,#Dilsefoodie,9
2,#food,8
3,#pizza,7
4,#pizzaforever,4
5,#blogger,4
6,#foodporn,4
7,#pizzatime,3
8,#foodilicious,3
9,#newdelhi,3
10,#pizzamania,3
11,#pizzafever,3
12,#appetizer,2
13,#chinesefood,2
14,#easyrecipes,2
15,#sweet,2
16,#pasta,2
17,#cheese,2
18,#nagpur,2
19,#juicypizza,2
20,#cheesypizzaüçï,2
21,#foodforlife,2
22,#foodblogger,2
23,#foodisbae,2
24,#indianfoodbloggers,2
25,#pizzaforlifeüçï,2
26,#cheesypizza,2
27,#pizzaislove,2
28,#pizzalove,2
29,#loveforpizza,2
30,#pizzaindelhi,2
31,#bestpizzaintown,2
32,#foodblogs,2
33,#foodblogging,2
34,#bringme,1
35,#portlandtravel,1
36,#sushirestuarant,1
37,#sushi,1
38,#oregontravel,1
39,#sustainability,1
40,#spicy,1
41,#bread,1
42,#schezwan,1
43,#holi,1
44,#dryfruits,1
45,#traditionalfood,1
46,#festivalofcolours,1
47,#spinach,1
48,#spinachpasta,1
49,#veggiepasta,1
50,#palak,1
51,#pastarecipe,1
52,#greenpasta,1
53,#panipuri,1
54,#streetfoodofindia,1
55,#chaat,1
56,#noodles,1
57,#garlic,1
58,#fenugreek,1
59,#creamy,1
60,#peas,1
61,#desikhana,1
62,#punjabi,1
63,#dosa,1
64,#southindianfood,1
65,#streetfood,1
66,#biryani,1
67,#vegetarianrecipes,1
68,#rice,1
69,#potato,1
70,#lollipop,1
71,#chutney,1
72,#paneer,1
73,#strawberry,1
74,#desserts,1
75,#valentinesday2020,1
76,#egglessbaking,1
77,#amritsar,1
78,#foodielife,1
79,#goldgym,1
80,#gym,1
81,#bullet,1
82,#royalenfield,1
83,#classic,1
84,#omelette,1
85,#slomotionvideo,1
86,#nonveg,1
87,#unboxing,1
88,#Unboxing,1
89,#goldplaybutton,1
90,#youtube,1
91,#youtubeindia,1
92,#momos,1
93,#lover,1
94,#foodie,1
95,#diggin,1
96,#anandlok,1
97,#chicken,1
98,#mashpotatoes,1
99,#Yamazaki,1
100,#WhiskyOfTheMonth,1
101,#TalkHiddenGems,1
102,#BaroMasi,1
103,#NewInTown,1
104,#DiscoverGurgaon,1
105,#TalkFocus,1
106,#RailRestro,1
107,#TalkDrinks,1
108,#Siqera,1
109,#TalkFlavour,1
110,#CerealDay,1
111,#TalkStreaming,1
112,#RestaurantsOnTheEdge,1
113,#cheeseandpizza,1
114,#pizzapizzapizaaaaaas‚ù§,1
115,#paneertikkapizza,1
116,#paneerpizza,1
117,#letsrockzhozlz,1
118,#bbqchickenwingsüçó,1
119,#bbqchicken,1
120,#chickenwings,1
121,#chickendrumsticks,1
122,#chickendinner,1
123,#chickenlover,1
124,#chickenforlifeüçó,1
125,#chickenlegsüçó,1
126,#crispychicken,1
127,#crispychickenwings,1
128,#crispybbqchicken,1
129,#cheesesticks,1
130,#mozzarellasticks,1
131,#qds,1
132,#cheesebomb,1
133,#cheesystick,1
134,#mayodip,1
135,#cheesewednesday,1
136,#cheesesnacks,1
137,#cheezysnacks,1
138,#cheesesticksrealgood,1
139,#werblogezrs,1
140,#lovelikeswshareszsaveshqz,1
141,#foodlover,1
142,#frieday,1
143,#frieslover,1
144,#froeswithcheese,1
145,#cheesydishes,1
146,#bestfries,1
147,#cheesefries,1
148,#friesfriesfriesüçü,1
149,#fries,1
150,#foodpages,1
151,#thefoodcomalets,1
152,#yesvdiditzz,1
153,#hua2020startzxq,1
154,#dahikekebab,1
155,#dahikesholay,1
156,#dahikebab,1
157,#dahikebabs,1
158,#dahikebablover,1
159,#dahikekebabüòã,1
160,#sohapyimyez,1
161,#mondaynakos,1
162,#waffle,1
163,#waffles,1
164,#wafflelove,1
165,#wafflehouse,1
166,#yumwaffle,1
167,#yummyfood,1
168,#wafflecone,1
169,#wafflefactory,1
170,#waffleicecream,1
171,#icecreamwaffles,1
172,#waffling,1
173,#wafflesandicecream,1
174,#cnfmby9am,1
175,#buntybablikinikalpadi,1
176,#pizzatimeüçï,1
177,#pizzas,1
178,#loveforpizzaüçï,1
179,#xerodegrees,1
180,#macandcheesepizza,1
181,#chicketikkapizza,1
182,#chickenpizza,1
183,#newmnthxz,1
184,#lkzkarofakenahi,1
185,#burgers,1
186,#burgerlove,1
187,#bigbangtheoryburger,1
188,#indianajones,1
189,#colourfulburgersüçî,1
190,#burgersauce,1
191,#specialburgers,1
192,#downtoerthzz,1
193,#fakeconfirmationzkivaat,1
194,#spaghetti,1
195,#tomatobasilpasta,1
196,#spaghettiüçù,1
197,#loveforpasta,1
198,#bigchillcafe,1
199,#bigchill,1
200,#yummypasta,1
201,#cakes,1
202,#chocolatecake,1
203,#ferrerorochercake,1
204,#icecreamcakeüéÇ,1
205,#chocolatesauce,1
206,#chocolate,1
207,#yummycakes,1
208,#havmoricecreamsüòéüç¶,1
209,#bewellplndz,1
210,#foodzislovz,1
